{"cameraMode":{"drawMode":0,"name":"Shaded","section":"Shading Mode"},"sceneLighting":false,"audioPlay":false,"sceneViewState":{"m_AlwaysRefresh":false,"showFog":true,"showSkybox":true,"showFlares":true,"showImageEffects":true,"showParticleSystems":true,"showVisualEffectGraphs":true,"m_FxEnabled":true},"in2DMode":false,"pivot":{"x":-12.084083557128907,"y":3.126368522644043,"z":0.04824177175760269},"rotation":{"x":0.007928679697215557,"y":0.6789640784263611,"z":-0.007332952227443457,"w":0.7340986728668213},"size":0.004757368937134743,"orthographic":false}